-- Dummy pitches, bookings, and payments for admin Payment page (idempotent-ish via fixed refs)

insert into public.pitches (id, location_id, sport_id, name, price_per_hour, is_active)
values
  ('a1000001-0001-4000-8000-000000000001', '53bec418-53af-4b0b-82e8-6269e149e00d', '459ce097-dd4b-4b03-94a3-de6edc579a53', 'Futsal Court 1', 4500, true),
  ('a1000001-0001-4000-8000-000000000002', '81ab09f6-fae1-4aaf-83ee-556493012126', '459ce097-dd4b-4b03-94a3-de6edc579a53', 'Futsal Court A', 4200, true),
  ('a1000001-0001-4000-8000-000000000003', '7724d722-7238-4345-99ee-8b096ac06dcb', '46977772-97e2-4676-b3ba-7c691977b700', 'Cricket Nets 1', 3800, true),
  ('a1000001-0001-4000-8000-000000000004', 'c1d0e695-7a46-416c-84cd-01c2e18a1b89', '6a59dc63-b7ef-4e39-a3e0-a28fdcaa5dd7', 'Football Pitch 1', 5000, true)
on conflict (id) do nothing;

insert into public.bookings (
  id,
  user_id,
  sport_id,
  location_id,
  pitch_id,
  booking_date,
  start_time,
  end_time,
  total_amount,
  booking_status,
  payment_status,
  created_at
)
values
  (
    'b2000001-0001-4000-8000-000000000001',
    'dd12bb16-7b06-4483-adbc-57509529c1f4',
    '459ce097-dd4b-4b03-94a3-de6edc579a53',
    '53bec418-53af-4b0b-82e8-6269e149e00d',
    'a1000001-0001-4000-8000-000000000001',
    '2026-05-18',
    '09:00',
    '10:00',
    4500,
    'completed',
    'paid',
    '2026-05-18 09:15:00+00'
  ),
  (
    'b2000001-0001-4000-8000-000000000002',
    '40676861-a2d4-4515-a232-b8d3002c5c38',
    '459ce097-dd4b-4b03-94a3-de6edc579a53',
    '81ab09f6-fae1-4aaf-83ee-556493012126',
    'a1000001-0001-4000-8000-000000000002',
    '2026-05-18',
    '10:30',
    '12:30',
    8400,
    'completed',
    'paid',
    '2026-05-18 10:30:00+00'
  ),
  (
    'b2000001-0001-4000-8000-000000000003',
    'd94eadbb-cfc3-44d7-a1ed-1917407eef1d',
    '46977772-97e2-4676-b3ba-7c691977b700',
    '7724d722-7238-4345-99ee-8b096ac06dcb',
    'a1000001-0001-4000-8000-000000000003',
    '2026-05-18',
    '11:00',
    '12:00',
    3800,
    'completed',
    'paid',
    '2026-05-18 11:00:00+00'
  ),
  (
    'b2000001-0001-4000-8000-000000000004',
    '2f7aff3a-84eb-4233-8103-ca36407bb4c1',
    '459ce097-dd4b-4b03-94a3-de6edc579a53',
    '53bec418-53af-4b0b-82e8-6269e149e00d',
    'a1000001-0001-4000-8000-000000000001',
    '2026-05-18',
    '11:45',
    '12:45',
    5000,
    'pending',
    'unpaid',
    '2026-05-18 11:45:00+00'
  ),
  (
    'b2000001-0001-4000-8000-000000000005',
    '7935cb3a-c5b5-4a91-af74-4d71e1f84a9f',
    '459ce097-dd4b-4b03-94a3-de6edc579a53',
    '53bec418-53af-4b0b-82e8-6269e149e00d',
    'a1000001-0001-4000-8000-000000000001',
    '2026-05-17',
    '18:45',
    '20:45',
    9000,
    'completed',
    'paid',
    '2026-05-17 18:45:00+00'
  ),
  (
    'b2000001-0001-4000-8000-000000000006',
    'dd12bb16-7b06-4483-adbc-57509529c1f4',
    '459ce097-dd4b-4b03-94a3-de6edc579a53',
    '81ab09f6-fae1-4aaf-83ee-556493012126',
    'a1000001-0001-4000-8000-000000000002',
    '2026-05-17',
    '19:20',
    '20:20',
    4500,
    'cancelled',
    'unpaid',
    '2026-05-17 19:20:00+00'
  ),
  (
    'b2000001-0001-4000-8000-000000000007',
    '40676861-a2d4-4515-a232-b8d3002c5c38',
    '6a59dc63-b7ef-4e39-a3e0-a28fdcaa5dd7',
    'c1d0e695-7a46-416c-84cd-01c2e18a1b89',
    'a1000001-0001-4000-8000-000000000004',
    '2026-05-17',
    '20:00',
    '22:00',
    10000,
    'pending',
    'unpaid',
    '2026-05-17 20:00:00+00'
  ),
  (
    'b2000001-0001-4000-8000-000000000008',
    'd94eadbb-cfc3-44d7-a1ed-1917407eef1d',
    '46977772-97e2-4676-b3ba-7c691977b700',
    '7724d722-7238-4345-99ee-8b096ac06dcb',
    'a1000001-0001-4000-8000-000000000003',
    '2026-05-16',
    '14:10',
    '15:10',
    4200,
    'completed',
    'paid',
    '2026-05-16 14:10:00+00'
  ),
  (
    'b2000001-0001-4000-8000-000000000009',
    '2f7aff3a-84eb-4233-8103-ca36407bb4c1',
    '459ce097-dd4b-4b03-94a3-de6edc579a53',
    '81ab09f6-fae1-4aaf-83ee-556493012126',
    'a1000001-0001-4000-8000-000000000002',
    '2026-05-16',
    '16:30',
    '18:30',
    5000,
    'cancelled',
    'refunded',
    '2026-05-16 16:30:00+00'
  ),
  (
    'b2000001-0001-4000-8000-000000000010',
    '7935cb3a-c5b5-4a91-af74-4d71e1f84a9f',
    '459ce097-dd4b-4b03-94a3-de6edc579a53',
    '53bec418-53af-4b0b-82e8-6269e149e00d',
    'a1000001-0001-4000-8000-000000000001',
    '2026-05-15',
    '08:00',
    '12:00',
    18000,
    'completed',
    'paid',
    '2026-05-15 08:00:00+00'
  ),
  (
    'b2000001-0001-4000-8000-000000000011',
    'dd12bb16-7b06-4483-adbc-57509529c1f4',
    '459ce097-dd4b-4b03-94a3-de6edc579a53',
    '53bec418-53af-4b0b-82e8-6269e149e00d',
    'a1000001-0001-4000-8000-000000000001',
    '2026-05-14',
    '12:20',
    '14:20',
    9000,
    'completed',
    'paid',
    '2026-05-14 12:20:00+00'
  ),
  (
    'b2000001-0001-4000-8000-000000000012',
    '40676861-a2d4-4515-a232-b8d3002c5c38',
    '46977772-97e2-4676-b3ba-7c691977b700',
    '7724d722-7238-4345-99ee-8b096ac06dcb',
    'a1000001-0001-4000-8000-000000000003',
    '2026-05-13',
    '19:30',
    '20:30',
    3800,
    'pending',
    'unpaid',
    '2026-05-13 19:30:00+00'
  )
on conflict (id) do nothing;

insert into public.payments (
  id,
  booking_id,
  payment_method,
  payment_method_other,
  transaction_id,
  amount,
  payment_status,
  paid_at,
  created_at
)
values
  (
    'c3000001-0001-4000-8000-000000000001',
    'b2000001-0001-4000-8000-000000000001',
    'card',
    null,
    'TXN-20260518-001',
    4500,
    'paid',
    '2026-05-18 09:15:00+00',
    '2026-05-18 09:15:00+00'
  ),
  (
    'c3000001-0001-4000-8000-000000000002',
    'b2000001-0001-4000-8000-000000000002',
    'card',
    null,
    'TXN-20260518-002',
    8400,
    'paid',
    '2026-05-18 10:30:00+00',
    '2026-05-18 10:30:00+00'
  ),
  (
    'c3000001-0001-4000-8000-000000000003',
    'b2000001-0001-4000-8000-000000000003',
    'cash',
    null,
    'TXN-20260518-003',
    3800,
    'paid',
    '2026-05-18 11:00:00+00',
    '2026-05-18 11:00:00+00'
  ),
  (
    'c3000001-0001-4000-8000-000000000004',
    'b2000001-0001-4000-8000-000000000004',
    'card',
    null,
    'TXN-20260518-004',
    5000,
    'pending',
    null,
    '2026-05-18 11:45:00+00'
  ),
  (
    'c3000001-0001-4000-8000-000000000005',
    'b2000001-0001-4000-8000-000000000005',
    'card',
    null,
    'TXN-20260517-001',
    9000,
    'paid',
    '2026-05-17 18:45:00+00',
    '2026-05-17 18:45:00+00'
  ),
  (
    'c3000001-0001-4000-8000-000000000006',
    'b2000001-0001-4000-8000-000000000006',
    'card',
    null,
    'TXN-20260517-002',
    4500,
    'failed',
    null,
    '2026-05-17 19:20:00+00'
  ),
  (
    'c3000001-0001-4000-8000-000000000007',
    'b2000001-0001-4000-8000-000000000007',
    'card',
    null,
    'TXN-20260517-003',
    10000,
    'pending',
    null,
    '2026-05-17 20:00:00+00'
  ),
  (
    'c3000001-0001-4000-8000-000000000008',
    'b2000001-0001-4000-8000-000000000008',
    'card',
    null,
    'TXN-20260516-001',
    4200,
    'paid',
    '2026-05-16 14:10:00+00',
    '2026-05-16 14:10:00+00'
  ),
  (
    'c3000001-0001-4000-8000-000000000009',
    'b2000001-0001-4000-8000-000000000009',
    'card',
    null,
    'TXN-20260516-002',
    5000,
    'refunded',
    '2026-05-16 16:30:00+00',
    '2026-05-16 16:30:00+00'
  ),
  (
    'c3000001-0001-4000-8000-000000000010',
    'b2000001-0001-4000-8000-000000000010',
    'card',
    null,
    'TXN-20260515-001',
    18000,
    'paid',
    '2026-05-15 08:00:00+00',
    '2026-05-15 08:00:00+00'
  ),
  (
    'c3000001-0001-4000-8000-000000000011',
    'b2000001-0001-4000-8000-000000000011',
    'card',
    null,
    'TXN-20260514-001',
    9000,
    'paid',
    '2026-05-14 12:20:00+00',
    '2026-05-14 12:20:00+00'
  ),
  (
    'c3000001-0001-4000-8000-000000000012',
    'b2000001-0001-4000-8000-000000000012',
    'cash',
    null,
    'TXN-20260513-001',
    3800,
    'pending',
    null,
    '2026-05-13 19:30:00+00'
  )
on conflict (id) do nothing;
